{"cameraMode":{"drawMode":2,"name":"Shaded Wireframe","section":"Shading Mode"},"sceneLighting":false,"audioPlay":false,"sceneViewState":{"showFog":true,"showMaterialUpdate":false,"showSkybox":false,"showFlares":true,"showImageEffects":true,"showParticleSystems":true},"in2DMode":false,"pivot":{"x":0.3569999933242798,"y":1.4149999618530274,"z":1.3730000257492066},"rotation":{"x":0.020925667136907579,"y":0.10048379749059677,"z":-0.0018376022344455124,"w":0.9950978755950928},"size":2.4655838012695314,"orthographic":false}