{"cameraMode":{"drawMode":0,"name":"Shaded","section":"Shading Mode"},"sceneLighting":true,"audioPlay":false,"sceneViewState":{"showFog":true,"showMaterialUpdate":false,"showSkybox":true,"showFlares":true,"showImageEffects":true,"showParticleSystems":true},"in2DMode":false,"pivot":{"x":0.07192221283912659,"y":1.229161262512207,"z":0.6005308032035828},"rotation":{"x":-0.07645243406295777,"y":-0.08604550361633301,"z":0.006595296319574118,"w":-0.9933674335479736},"size":1.0146517753601075,"orthographic":false}