{"cameraMode":{"drawMode":0,"name":"Shaded","section":"Shading Mode"},"sceneLighting":true,"audioPlay":false,"sceneViewState":{"showFog":true,"showMaterialUpdate":false,"showSkybox":true,"showFlares":true,"showImageEffects":true,"showParticleSystems":true},"in2DMode":false,"pivot":{"x":-6.9394378662109379,"y":-4.750857353210449,"z":8.228006362915039},"rotation":{"x":-0.16232606768608094,"y":0.3666689991950989,"z":-0.06513746082782746,"w":-0.9137780666351318},"size":20.070581436157228,"orthographic":false}