{"cameraMode":{"drawMode":2,"name":"Shaded Wireframe","section":"Shading Mode"},"sceneLighting":true,"audioPlay":false,"sceneViewState":{"showFog":true,"showMaterialUpdate":false,"showSkybox":true,"showFlares":true,"showImageEffects":true,"showParticleSystems":true},"in2DMode":false,"pivot":{"x":5.855133056640625,"y":0.6884769797325134,"z":8.326361656188965},"rotation":{"x":0.04650783911347389,"y":0.2461569458246231,"z":-0.011808295734226704,"w":0.9680612087249756},"size":8.212872505187989,"orthographic":false}