{"cameraMode":{"drawMode":0,"name":"Shaded","section":"Shading Mode"},"sceneLighting":true,"audioPlay":false,"sceneViewState":{"showFog":true,"showMaterialUpdate":false,"showSkybox":true,"showFlares":true,"showImageEffects":true,"showParticleSystems":true},"in2DMode":false,"pivot":{"x":-25.111318588256837,"y":-13.253368377685547,"z":62.429317474365237},"rotation":{"x":0.1155490130186081,"y":-0.2039586752653122,"z":0.025259435176849366,"w":0.9722696542739868},"size":71.30058288574219,"orthographic":false}