{"cameraMode":{"drawMode":2,"name":"Shaded Wireframe","section":"Shading Mode"},"sceneLighting":true,"audioPlay":false,"sceneViewState":{"showFog":true,"showMaterialUpdate":false,"showSkybox":true,"showFlares":true,"showImageEffects":true,"showParticleSystems":true},"in2DMode":false,"pivot":{"x":0.5963206887245178,"y":-0.32474565505981448,"z":7.303824424743652},"rotation":{"x":0.12862743437290193,"y":-0.016361339017748834,"z":0.0021241153590381147,"w":0.9915691018104553},"size":10.385342597961426,"orthographic":false}