{"cameraMode":{"drawMode":0,"name":"Shaded","section":"Shading Mode"},"sceneLighting":true,"audioPlay":false,"sceneViewState":{"showFog":true,"showMaterialUpdate":false,"showSkybox":true,"showFlares":true,"showImageEffects":true,"showParticleSystems":true},"in2DMode":false,"pivot":{"x":1.9468882083892823,"y":-1.155388355255127,"z":8.556680679321289},"rotation":{"x":0.09913355857133866,"y":0.01641342043876648,"z":-0.0016397512517869473,"w":0.9949444532394409},"size":10.613821983337403,"orthographic":false}